{"cameraMode":{"drawMode":0,"name":"Shaded","section":"Shading Mode"},"sceneLighting":true,"audioPlay":false,"sceneViewState":{"showFog":true,"showMaterialUpdate":false,"showSkybox":true,"showFlares":true,"showImageEffects":true,"showParticleSystems":true,"showVisualEffectGraphs":true,"m_FxEnabled":true},"in2DMode":false,"pivot":{"x":-0.28182515501976015,"y":-6.176723480224609,"z":8.656310081481934},"rotation":{"x":-0.31864991784095766,"y":0.0076743620447814468,"z":-0.002577772131189704,"w":-0.9478568434715271},"size":8.106083869934082,"orthographic":false}